X50然_TR.Df;X50然_TR.Sum.Sq;X50然_TR.Mean.Sq;X50然_TR.F.value;X50然_TR.Pr..F.;X50然_TS.Df;X50然_TS.Sum.Sq;X50然_TS.Mean.Sq;X50然_TS.F.value;X50然_TS.Pr..F.;X500然_TR.Df;X500然_TR.Sum.Sq;X500然_TR.Mean.Sq;X500然_TR.F.value;X500然_TR.Pr..F.;X500然_TS.Df;X500然_TS.Sum.Sq;X500然_TS.Mean.Sq;X500然_TS.F.value;X500然_TS.Pr..F.
Treatment;2;0.0031600517108596;0.0015800258554298;4.53799435968224;0.0140239166886912;2;2.93016608589927e-06;1.46508304294964e-06;4.02478122681614;0.0220316601602543;2;0.0200346888859221;0.0100173444429611;2.40572526121496;0.0975182186261471;2;3.7492229715102e-05;1.8746114857551e-05;19.4801044640987;1.72961045812228e-07
Time;5;0.00905830918238439;0.00181166183647688;5.20327636875745;0.000406145861833716;5;9.21261831878466e-06;1.84252366375693e-06;5.06166164951533;0.000495791066033317;5;0.262592049228615;0.052518409845723;12.612610653862;8.97529606938437e-09;5;2.88881946428386e-05;5.77763892856772e-06;6.00385790546926;0.000106903355246977
Treatment:Time;10;0.0074545378959188;0.00074545378959188;2.14101882000627;0.0321220456707497;10;1.37086282149472e-05;1.37086282149472e-06;3.76594553806588;0.000417181256000051;10;0.0478242770123733;0.00478242770123733;1.14852865410705;0.339881310139259;10;6.77104708676948e-05;6.77104708676948e-06;7.03616219061362;1.34192936117798e-07
Residuals;70;0.0243723991512035;0.000348177130731479;NA;NA;72;2.62091212286388e-05;3.64015572619984e-07;NA;NA;71;0.295641180194884;0.00416396028443499;NA;NA;72;6.9287116618454e-05;9.62321064145195e-07;NA;NA
