;X50然_TR.Df;X50然_TR.Sum.Sq;X50然_TR.Mean.Sq;X50然_TR.F.value;X50然_TR.Pr..F.;X50然_TS.Df;X50然_TS.Sum.Sq;X50然_TS.Mean.Sq;X50然_TS.F.value;X50然_TS.Pr..F.;X500然_TR.Df;X500然_TR.Sum.Sq;X500然_TR.Mean.Sq;X500然_TR.F.value;X500然_TR.Pr..F.;X500然_TS.Df;X500然_TS.Sum.Sq;X500然_TS.Mean.Sq;X500然_TS.F.value;X500然_TS.Pr..F.
Treatment;2;0.002471394;0.001235697;3.115539365;0.050386524;2;2.93E-06;1.47E-06;4.024781227;0.02203166;2;0.019660598;0.009830299;2.327365995;0.104849646;2;3.75E-05;1.87E-05;19.48010446;1.73E-07
Time;5;0.010160998;0.0020322;5.123746177;0.000447495;5;9.21E-06;1.84E-06;5.06166165;0.000495791;5;0.277888402;0.05557768;13.15825716;4.19E-09;5;2.89E-05;5.78E-06;6.003857905;0.000106903
Treatment:Time;10;0.00626684;0.000626684;1.580046372;0.1300736;10;1.37E-05;1.37E-06;3.765945538;0.000417181;10;0.047474947;0.004747495;1.123989979;0.356742685;10;6.77E-05;6.77E-06;7.036162191;1.34E-07
Residuals;72;0.028556913;0.000396624;NA;NA;72;2.62E-05;3.64E-07;NA;NA;72;0.304112691;0.004223787;NA;NA;72;6.93E-05;9.62E-07;NA;NA
