X50然_TR.Df;X50然_TR.Sum.Sq;X50然_TR.Mean.Sq;X50然_TR.F.value;X50然_TR.Pr..F.;X50然_TS.Df;X50然_TS.Sum.Sq;X50然_TS.Mean.Sq;X50然_TS.F.value;X50然_TS.Pr..F.;X500然_TR.Df;X500然_TR.Sum.Sq;X500然_TR.Mean.Sq;X500然_TR.F.value;X500然_TR.Pr..F.;X500然_TS.Df;X500然_TS.Sum.Sq;X500然_TS.Mean.Sq;X500然_TS.F.value;X500然_TS.Pr..F.
Treatment;2;0.00247139409171501;0.0012356970458575;3.11553936541871;0.0503865235730548;2;2.93016608589926e-06;1.46508304294963e-06;4.02478122681613;0.0220316601602544;2;0.0196605981859401;0.00983029909297004;2.32736599526505;0.104849645823997;2;3.74922297151019e-05;1.8746114857551e-05;19.4801044640987;1.72961045812228e-07
Time;5;0.010160998260614;0.00203219965212279;5.12374617694838;0.000447495006920886;5;9.21261831878467e-06;1.84252366375693e-06;5.06166164951534;0.000495791066033308;5;0.2778884018719;0.05557768037438;13.1582571573579;4.19324598600704e-09;5;2.88881946428386e-05;5.77763892856772e-06;6.00385790546926;0.000106903355246976
Treatment:Time;10;0.00626683988046384;0.000626683988046384;1.58004637219247;0.130073599676112;10;1.37086282149473e-05;1.37086282149473e-06;3.7659455380659;0.000417181256000031;10;0.0474749467651062;0.00474749467651062;1.12398997917716;0.356742684657363;10;6.77104708676948e-05;6.77104708676948e-06;7.03616219061362;1.34192936117797e-07
Residuals;72;0.0285569132232046;0.000396623794766731;NA;NA;72;2.62091212286388e-05;3.64015572619983e-07;NA;NA;72;0.304112690541067;0.00422378736862594;NA;NA;72;6.9287116618454e-05;9.62321064145194e-07;NA;NA
