Variable;df1;df2;statistic;p
1;E;2;27;0.0931689263455487;0.911331192202318
2;A;2;27;2.26227742202343;0.123495126805842
3;gs;2;27;0.0863570758723557;0.917518952320236
4;Normalized gs;2;27;0.207760678759309;0.813688057038497
