X50然_TR.Df;X50然_TR.Sum.Sq;X50然_TR.Mean.Sq;X50然_TR.F.value;X50然_TR.Pr..F.;X50然_TS.Df;X50然_TS.Sum.Sq;X50然_TS.Mean.Sq;X50然_TS.F.value;X50然_TS.Pr..F.;X500然_TR.Df;X500然_TR.Sum.Sq;X500然_TR.Mean.Sq;X500然_TR.F.value;X500然_TR.Pr..F.;X500然_TS.Df;X500然_TS.Sum.Sq;X500然_TS.Mean.Sq;X500然_TS.F.value;X500然_TS.Pr..F.
Treatment;2;0.0804822031678984;0.0402411015839492;4.78945532914115;0.0112331550912886;2;6.74872588068821e-05;3.37436294034411e-05;3.53335714479856;0.034371380499389;2;0.403438514803268;0.201719257401634;2.01814668370275;0.140455144001267;2;0.000893066952958119;0.000446533476479059;18.282226127665;3.79502491978261e-07
Time;5;0.233686236013624;0.0467372472027248;5.56262002961077;0.000226611155244942;5;0.000230511519464646;4.61023038929292e-05;4.8274565519957;0.000731033458056923;5;6.87404267045111;1.37480853409022;13.7545880325948;2.17597225958282e-09;5;0.000683418219311324;0.000136683643862265;5.59617904741871;0.00020646287394511
Treatment:Time;10;0.187529315569816;0.0187529315569816;2.23195500240553;0.0253567708376741;10;0.000330506617820116;3.30506617820116e-05;3.46079523786741;0.00093847332942151;10;1.25243349538408;0.125243349538408;1.25302588251902;0.27369696408973;10;0.00160083680808736;0.000160083680808736;6.55423659379657;4.04057624548518e-07
Residuals;70;0.588141430975946;0.00840202044251351;NA;NA;72;0.000687601399316305;9.55001943494868e-06;NA;NA;71;7.09664336649648;0.0999527234717814;NA;NA;72;0.0017585610243515;2.44244586715486e-05;NA;NA
