X50然_TR.Df;X50然_TR.Sum.Sq;X50然_TR.Mean.Sq;X50然_TR.F.value;X50然_TR.Pr..F.;X50然_TS.Df;X50然_TS.Sum.Sq;X50然_TS.Mean.Sq;X50然_TS.F.value;X50然_TS.Pr..F.;X500然_TR.Df;X500然_TR.Sum.Sq;X500然_TR.Mean.Sq;X500然_TR.F.value;X500然_TR.Pr..F.;X500然_TS.Df;X500然_TS.Sum.Sq;X500然_TS.Mean.Sq;X500然_TS.F.value;X500然_TS.Pr..F.
Treatment;2;0.0804822031678983;0.0402411015839491;4.78945532914114;0.0112331550912886;2;6.7487331720836e-05;3.3743665860418e-05;3.53336001802394;0.0343712905693276;2;0.403438514803268;0.201719257401634;2.01814668370275;0.140455144001267;2;0.00089306702205474;0.00044653351102737;18.2822245151517;3.79502897825878e-07
Time;5;0.233686236013624;0.0467372472027248;5.56262002961078;0.00022661115524494;5;0.000230511564253413;4.61023128506826e-05;4.82745619989419;0.00073103388624617;5;6.87404267045111;1.37480853409022;13.7545880325948;2.17597225958278e-09;5;0.000683418250986592;0.000136683650197318;5.59617838022614;0.000206463097822212
Treatment:Time;10;0.187529315569816;0.0187529315569816;2.23195500240554;0.025356770837674;10;0.00033050631307824;3.3050631307824e-05;3.46079112200138;0.000938483632443399;10;1.25243349538408;0.125243349538408;1.25302588251902;0.273696964089731;10;0.00160083701879854;0.000160083701879854;6.55423637130948;4.04057832838468e-07
Residuals;70;0.588141430975945;0.00840202044251351;NA;NA;72;0.000687601583070168;9.55002198708566e-06;NA;NA;71;7.09664336649648;0.0999527234717814;NA;NA;72;0.00175856131551854;2.44244627155353e-05;NA;NA
